PeopleId,Name,Worth(USD),BYear,Category
1,Oprah Winfrey,225,2005,Personalities
2,Tiger Woods,87,2005,Athletes
3,Mel Gibson,185,2005,Actors
4,George Lucas,290,2005,Directors/Producers
5,Shaquille O'Neal,33.4,2005,Athletes
6,Steven Spielberg,80,2005,Directors/Producers
7,Johnny Depp,37,2005,Actors
8,Madonna,50,2005,Musicians
9,Elton John,44,2005,Musicians
10,Tom Cruise,31,2005,Actors
11,Brad Pitt,25,2005,Actors
12,Dan Brown,76.5,2005,Authors
13,Will Smith,35,2005,Actors
14,David Letterman,40,2005,Personalities
15,Lance Armstrong,28,2005,Athletes
16,Michael Jordan,33,2005,Athletes
17,Michael Schumacher,60,2005,Athletes
18,Will Ferrell,40,2005,Comedians
19,Kobe Bryant,28.8,2005,Athletes
20,Sean (Diddy) Combs,36,2005,Musicians
21,Jay Leno,30,2005,Comedians
22,J.K. Rowling,59.1,2005,Authors
23,Metallica,37.4,2005,Musicians
24,Jennifer Lopez,17,2005,Musicians
25,Cast of Desperate Housewives,5.6,2005,Television actresses
26,David Beckham,32.5,2005,Athletes
27,Howard Stern,31,2005,Personalities
28,Rush Limbaugh,30,2005,Personalities
29,Shania Twain,34,2005,Musicians
30,Peter Jackson,47,2005,Directors/Producers
31,Denzel Washington,30,2005,Actors
32,Rod Stewart,31,2005,Musicians
33,Michael Vick,37.5,2005,Athletes
34,Bette Midler,31,2005,Musicians
35,The Olsen Twins,21,2005,Television actresses
36,Jerry Bruckheimer,66,2005,Directors/Producers
37,Jennifer Aniston,18.5,2005,Actresses
38,Derek Jeter,25.5,2005,Athletes
39,Julia Roberts,8,2005,Actresses
40,Prince,49.7,2005,Musicians
41,David Copperfield,57,2005,Magicians
42,Tobey Maguire,32,2005,Actors
43,The Eagles,45,2005,Musicians
44,Ray Romano,36.5,2005,Comedians
45,Nicole Kidman,14.5,2005,Actresses
46,Jeff Gordon,23.4,2005,Athletes
47,Phil Mickelson,26.8,2005,Athletes
48,Alex Rodriguez,27.5,2005,Athletes
49,Matt Damon,27,2005,Actors
50,Adam Sandler,28,2005,Actors
51,Oscar De La Hoya,38,2005,Athletes
52,Lindsay Lohan,11,2005,Television actresses
53,LeBron James,22.9,2005,Athletes
54,Hilary Duff,15,2005,Actresses
55,Paris Hilton,6.5,2005,Personalities
56,Bill Clinton,6,2005,Personalities
57,Maria Sharapova,18.2,2005,Athletes
58,Drew Barrymore,22,2005,Actresses
59,Andre Agassi,26.2,2005,Athletes
60,Manny Ramirez,24.2,2005,Athletes
61,Van Halen,29.6,2005,Musicians
62,Serena Williams,12.7,2005,Athletes
63,Valentino Rossi,28,2005,Athletes
64,Jessica Simpson,8,2005,Television actresses
65,Sandra Bullock,10.5,2005,Actresses
66,Cameron Diaz,13,2005,Actresses
67,Regis Philbin,20,2005,Personalities
68,James Patterson,27,2005,Authors
69,Paul Harvey,30,2005,Personalities
70,Jennifer Garner,14,2005,Television actresses
71,Nora Roberts,28.8,2005,Authors
72,Ronaldo,23,2005,Athletes
73,Judge Judy Sheindlin,28,2005,Personalities
74,Ellen DeGeneres,15,2005,Personalities
75,Naomi Watts,11.5,2005,Actresses
76,Ashlee Simpson,5.3,2005,Musicians
77,Gisele Bündchen,15.2,2005,Models
78,Dave Chappelle,12,2005,Comedians
79,John Madden,17,2005,Personalities
80,Rudy Giuliani,5,2005,Personalities
81,Venus Williams,6.5,2005,Athletes
82,Matt Hasselbeck,22.8,2005,Athletes
83,Jack Welch,9.2,2005,Authors
84,Walter Jones,23.2,2005,Athletes
85,Emeril Lagasse,9,2005,Personalities
86,Wolfgang Puck,12,2005,Personalities
87,Lindsay Davenport,6,2005,Athletes
88,Arthur Agatston,16,2005,Personalities
89,Annika Sorenstam,7.3,2005,Athletes
90,Heidi Klum,7.5,2005,Models
91,Kimora Lee Simmons,17,2005,Personalities
92,Patricia Heaton,9,2005,Television actresses
93,Kate Moss,5,2005,Models
94,Ken Jennings,3.2,2005,Personalities
95,Tyra Banks,6,2005,Personalities
96,Frankie Muniz,8,2005,Television actors
97,Adriana Lima,4.5,2005,Models
98,David Blaine,2,2005,Magicians
99,Amanda Bynes,1.5,2005,Actresses
100,Charlie Palmer,4.7,2005,Personalities
101,Steven Spielberg,332,2006,Directors/Producers
102,Howard Stern,302,2006,Personalities
103,George Lucas,235,2006,Directors/Producers
104,Oprah Winfrey,225,2006,Personalities
105,U2,110,2006,Musicians
106,Jerry Seinfeld,100,2006,Comedians
107,Rolling Stones,90,2006,Musicians
108,Tiger Woods,90,2006,Athletes
109,Dan Brown,88,2006,Authors
110,Jerry Bruckheimer,84,2006,Directors/Producers
111,J.K. Rowling,75,2006,Authors
112,The Eagles,70,2006,Musicians
113,Dick Wolf,70,2006,Directors/Producers
114,Tom Cruise,67,2006,Actors
115,Michael Schumacher,58,2006,Athletes
116,Andrew Lloyd Webber,56,2006,Musicians
117,Bruce Springsteen,55,2006,Musicians
118,Muhammad Ali,55,2006,Athletes
119,Cast of The Sopranos,52,2006,Television actors
120,Phil Mickelson,47,2006,Athletes
121,Dr. Phil McGraw,45,2006,Personalities
122,Donald Trump,44,2006,Personalities
123,Simon Cowell,43,2006,Personalities
124,50 Cent,41,2006,Musicians
125,Paul McCartney,40,2006,Musicians
126,David Letterman,40,2006,Personalities
127,Celine Dion,40,2006,Musicians
128,The Olsen Twins,40,2006,Television actresses
129,Peter Jackson,39,2006,Directors/Producers
130,Denzel Washington,38,2006,Actors
131,Neil Diamond,35,2006,Musicians
132,Elton John,34,2006,Musicians
133,Ray Romano,34,2006,Comedians
134,Jay Leno,32,2006,Comedians
135,Michael Jordan,32,2006,Athletes
136,Kobe Bryant,31,2006,Athletes
137,Rush Limbaugh,30,2006,Personalities
138,Rod Stewart,30,2006,Musicians
139,Shaquille O'Neal,30,2006,Athletes
140,Dave Matthews Band,30,2006,Musicians
141,Valentino Rossi,30,2006,Athletes
142,Gisele Bündchen,30,2006,Models
143,Johnny Depp,29,2006,Actors
144,Tom Hanks,29,2006,Actors
145,Alex Rodriguez,29,2006,Athletes
146,Tom Brady,29,2006,Athletes
147,Adam Sandler,29,2006,Actors
148,James Patterson,28,2006,Authors
149,Carson Palmer,28,2006,Athletes
150,David Beckham,27,2006,Athletes
151,Jodie Foster,27,2006,Actresses
152,Derek Jeter,27,2006,Athletes
153,LeBron James,26,2006,Athletes
154,Ronaldinho,26,2006,Athletes
155,Brad Pitt,25,2006,Actors
156,Will Smith,25,2006,Actors
157,Rick Warren,25,2006,Authors
158,Leonardo DiCaprio,25,2006,Actors
159,Kiefer Sutherland,23,2006,Television actors
160,Nicole Kidman,22,2006,Actresses
161,Dave Chappelle,22,2006,Comedians
162,Renee Zellweger,21,2006,Actresses
163,John Grisham,21,2006,Authors
164,Regis Philbin,21,2006,Personalities
165,Jim Carrey,20,2006,Comedians
166,Maria Sharapova,19,2006,Athletes
167,Larry the Cable Guy,19,2006,Comedians
168,Jennifer Aniston,18,2006,Actresses
169,Tyra Banks,18,2006,Personalities
170,Michelle Wie,17,2006,Athletes
171,Scarlett Johansson,16,2006,Actresses
172,Halle Berry,16,2006,Actresses
173,Sean (Diddy) Combs,16,2006,Musicians
174,Wolfgang Puck,16,2006,Personalities
175,Katie Couric,15,2006,Personalities
176,Cameron Diaz,15,2006,Actresses
177,Cast of Desperate Housewives,14,2006,Television actresses
178,Angelina Jolie,14,2006,Actresses
179,Jessica Simpson,14,2006,Television actresses
180,Diane Sawyer,12,2006,Personalities
181,George Lopez,12,2006,Comedians
182,Ryan Seacrest,12,2006,Personalities
183,Jennifer Lopez,10,2006,Musicians
184,Serena Williams,10,2006,Athletes
185,Emeril Lagasse,10,2006,Personalities
186,Reese Witherspoon,9,2006,Actresses
187,Bill O'Reilly,9,2006,Personalities
188,Matthew Broderick/Nathan Lane,9,2006,Actors
189,Eric Idle/Mike Nichols,9,2006,Comedians
190,Kate Moss,8,2006,Models
191,Annika Sorenstam,8,2006,Athletes
192,Paris Hilton,7,2006,Personalities
193,Venus Williams,7,2006,Athletes
194,Heidi Klum,7,2006,Models
195,Rachael Ray,6,2006,Personalities
196,Ty Pennington,6,2006,Television actors
197,Mel Brooks,5,2006,Directors/Producers
198,Mario Batali,5,2006,Personalities
199,Adriana Lima,4,2006,Models
200,Nicole Richie,2,2006,Personalities
201,Oprah Winfrey,260,2007,Personalities
202,Tiger Woods,100,2007,Athletes
203,Madonna,72,2007,Musicians
204,Rolling Stones,88,2007,Musicians
205,Brad Pitt,35,2007,Actors
206,Johnny Depp,92,2007,Actors
207,Elton John,53,2007,Musicians
208,Tom Cruise,31,2007,Actors
209,Jay-Z,83,2007,Musicians
210,Steven Spielberg,110,2007,Directors/Producers
211,Tom Hanks,74,2007,Actors
212,Grey's Anatomy cast,33,2007,Television actresses
213,Howard Stern,70,2007,Personalities
214,Angelina Jolie,20,2007,Actresses
215,David Beckham,33,2007,Athletes
216,Phil Mickelson,42,2007,Athletes
217,David Letterman,40,2007,Personalities
218,Bon Jovi,67,2007,Musicians
219,Donald Trump,32,2007,Personalities
220,Celine Dion,45,2007,Musicians
221,Simon Cowell,45,2007,Personalities
222,U2,30,2007,Musicians
223,Kobe Bryant,33,2007,Athletes
224,Michael Schumacher,36,2007,Athletes
225,Shaquille O'Neal,32,2007,Athletes
226,Jay Leno,32,2007,Comedians
227,Nicole Kidman,28,2007,Actresses
228,Ben Stiller,38,2007,Actors
229,Alex Rodriguez,29,2007,Athletes
230,Dr. Phil McGraw,30,2007,Personalities
231,Ronaldinho,31,2007,Athletes
232,50 Cent,33,2007,Musicians
233,Brian Grazer/Ron Howard,70,2007,Directors/Producers
234,Justin Timberlake,20,2007,Musicians
235,Michael Jordan,31,2007,Athletes
236,Rush Limbaugh,33,2007,Personalities
237,Tim McGraw,37,2007,Musicians
238,Roger Federer,29,2007,Athletes
239,Jerry Bruckheimer,120,2007,Directors/Producers
240,George Clooney,25,2007,Actors
241,Kimi Raikkonen,40,2007,Athletes
242,Jerry Seinfeld,60,2007,Comedians
243,Sean (Diddy) Combs,23,2007,Musicians
244,Jennifer Aniston,14,2007,Actresses
245,Adam Sandler,30,2007,Actors
246,Oscar De La Hoya,43,2007,Athletes
247,Cast of Desperate Housewives,16,2007,Television actresses
248,LeBron James,27,2007,Athletes
249,J.K. Rowling,32,2007,Authors
250,Derek Jeter,28,2007,Athletes
251,Maria Sharapova,23,2007,Athletes
252,Matt Damon,24,2007,Actors
253,Gisele Bündchen,33,2007,Models
254,Vince Vaughn,25,2007,Actors
255,Bill Clinton,7,2007,Personalities
256,Gore Verbinski,37,2007,Directors/Producers
257,Will Smith,31,2007,Actors
258,Valentino Rossi,30,2007,Athletes
259,Judge Judy Sheindlin,30,2007,Personalities
260,Jessica Simpson,7,2007,Television actresses
261,Tyra Banks,18,2007,Personalities
262,Anthony Robbins,30,2007,Actors
263,Cate Blanchett,13,2007,Actresses
264,Regis Philbin,21,2007,Personalities
265,Sandra Bullock,10,2007,Actresses
266,Rachael Ray,16,2007,Personalities
267,Alan Greenspan,16,2007,Personalities
268,Julia Roberts,9,2007,Actresses
269,Serena Williams,14,2007,Athletes
270,Michelle Wie,19,2007,Athletes
271,Keira Knightley,9,2007,Actresses
272,Hilary Duff,12,2007,Actresses
273,George Lopez,26,2007,Comedians
274,Kate Moss,9,2007,Models
275,Barbara Walters,12,2007,Personalities
276,Ryan Seacrest,14,2007,Personalities
277,Scarlett Johansson,5,2007,Actresses
278,Jessica Alba,9,2007,Television actresses
279,Daniel Radcliffe,15,2007,Actors
280,Reese Witherspoon,7,2007,Actresses
281,Larry the Cable Guy,20,2007,Comedians
282,Deepak Chopra,22,2007,Musicians
283,Annika Sorenstam,10,2007,Athletes
284,Heidi Klum,8,2007,Models
285,J.J. Abrams,17,2007,Directors/Producers
286,Dan Brown,10,2007,Authors
287,Emeril Lagasse,9,2007,Personalities
288,Wolfgang Puck,13,2007,Personalities
289,Dane Cook,9,2007,Comedians
290,Jack Welch,11,2007,Authors
291,John Grisham,9,2007,Authors
292,Jeff Foxworthy,10,2007,Comedians
293,Rhonda Byrne,12,2007,Authors
294,Dakota Fanning,4,2007,Actresses
295,Danica Patrick,5,2007,Athletes
296,Mitch Albom,6,2007,Authors
297,Emma Watson,4,2007,Actresses
298,Hayden Panettiere,2,2007,Television actresses
299,Paula Deen,4,2007,Personalities
300,Bobby Flay,2,2007,Personalities
301,Oprah Winfrey,275,2008,Personalities
302,Tiger Woods,115,2008,Athletes
303,Angelina Jolie,14,2008,Actresses
304,Beyonce Knowles,80,2008,Musicians
305,David Beckham,50,2008,Athletes
306,Johnny Depp,72,2008,Actors
307,Jay-Z,82,2008,Musicians
308,The Police,115,2008,Musicians
309,J.K. Rowling,300,2008,Authors
310,Brad Pitt,20,2008,Actors
311,Will Smith,80,2008,Actors
312,Justin Timberlake,44,2008,Musicians
313,Steven Spielberg,130,2008,Directors/Producers
314,Cameron Diaz,50,2008,Actresses
315,David Letterman,45,2008,Personalities
316,LeBron James,38,2008,Athletes
317,Jennifer Aniston,27,2008,Actresses
318,Michael Jordan,45,2008,Athletes
319,Kobe Bryant,39,2008,Athletes
320,Phil Mickelson,45,2008,Athletes
321,Madonna,40,2008,Musicians
322,Simon Cowell,72,2008,Personalities
323,Roger Federer,35,2008,Athletes
324,Alex Rodriguez,34,2008,Athletes
325,Jerry Seinfeld,85,2008,Comedians
326,50 Cent,150,2008,Musicians
327,Kanye West,30,2008,Musicians
328,Celine Dion,40,2008,Musicians
329,Bruce Willis,41,2008,Actors
330,Dr. Phil McGraw,40,2008,Personalities
331,Tom Cruise,13,2008,Actors
332,Jay Leno,32,2008,Comedians
333,Sean (Diddy) Combs,35,2008,Musicians
334,Stephen King,45,2008,Authors
335,Miley Cyrus,25,2008,Musicians
336,Kimi Raikkonen,44,2008,Athletes
337,Jeff Gordon,32,2008,Athletes
338,Ronaldinho,37,2008,Athletes
339,Shaquille O'Neal,32,2008,Athletes
340,Judge Judy Sheindlin,45,2008,Personalities
341,Howard Stern,70,2008,Personalities
342,Tyler Perry,125,2008,Directors/Producers
343,Fernando Alonso,33,2008,Athletes
344,Leonardo DiCaprio,45,2008,Actors
345,Donald Trump,30,2008,Personalities
346,George Lucas,50,2008,Directors/Producers
347,Keira Knightley,32,2008,Actresses
348,Jerry Bruckheimer,145,2008,Directors/Producers
349,Nicolas Cage,38,2008,Actors
350,Spice Girls,21,2008,Musicians
351,Matt Damon,21,2008,Actors
352,Dale Earnhardt Jr.,31,2008,Athletes
353,Bon Jovi,25,2008,Musicians
354,Jennifer Lopez,7,2008,Musicians
355,Ben Stiller,40,2008,Actors
356,Kevin Garnett,29,2008,Athletes
357,Nicole Kidman,13,2008,Actresses
358,James Patterson,50,2008,Authors
359,Rush Limbaugh,33,2008,Personalities
360,Reese Witherspoon,25,2008,Actresses
361,Maria Sharapova,26,2008,Athletes
362,Ryan Seacrest,31,2008,Personalities
363,Gwen Stefani,27,2008,Musicians
364,Daniel Radcliffe,25,2008,Actors
365,Alicia Keys,15,2008,Musicians
366,Gisele Bündchen,35,2008,Models
367,Gwyneth Paltrow,25,2008,Actresses
368,Tyra Banks,23,2008,Personalities
369,Serena Williams,14,2008,Athletes
370,Eva Longoria,9,2008,Television actresses
371,Ellen DeGeneres,20,2008,Personalities
372,Sarah Jessica Parker,18,2008,Television actresses
373,Katherine Heigl,13,2008,Models
374,Regis Philbin,21,2008,Personalities
375,Tom Clancy,35,2008,Authors
376,Rachael Ray,18,2008,Personalities
377,Cate Blanchett,12,2008,Actresses
378,Heidi Klum,14,2008,Models
379,Carrie Underwood,9,2008,Musicians
380,Jon Stewart,14,2008,Personalities
381,Justine Henin,12.5,2008,Athletes
382,Judd Apatow,27,2008,Directors/Producers
383,Kate Moss,7.5,2008,Models
384,Patrick Dempsey,13.5,2008,Television actors
385,Charlie Sheen,20,2008,Television actors
386,Drew Carey,12,2008,Comedians
387,Steve Carell,5,2008,Comedians
388,Lorena Ochoa,10,2008,Athletes
389,Jonas Brothers,12,2008,Musicians
390,Howie Mandel,14,2008,Comedians
391,Wolfgang Puck,16,2008,Personalities
392,Zac Efron,5.8,2008,Actors
393,Annika Sorenstam,11,2008,Athletes
394,Ashley Tisdale,5.5,2008,Television actresses
395,Gordon Ramsay,7.5,2008,Personalities
396,Jennifer Love Hewitt,5,2008,Television actresses
397,Lauren Conrad,1.5,2008,Personalities
398,Vanessa Williams,4.5,2008,Television actresses
399,Tina Fey,4.6,2008,Television actresses
400,Paula Deen,4.5,2008,Personalities
401,Angelina Jolie,27,2009,Actresses
402,Oprah Winfrey,275,2009,Personalities
403,Madonna,110,2009,Musicians
404,Beyonce Knowles,87,2009,Musicians
405,Tiger Woods,110,2009,Athletes
406,Bruce Springsteen,70,2009,Musicians
407,Steven Spielberg,150,2009,Directors/Producers
408,Jennifer Aniston,25,2009,Actresses
409,Brad Pitt,28,2009,Actors
410,Kobe Bryant,45,2009,Athletes
411,Will Smith,45,2009,Actors
412,Dr. Phil McGraw,80,2009,Personalities
413,Britney Spears,35,2009,Musicians
414,David Letterman,45,2009,Personalities
415,Coldplay,70,2009,Musicians
416,Adam Sandler,55,2009,Actors
417,Harrison Ford,65,2009,Actors
418,Michael Jordan,45,2009,Athletes
419,LeBron James,40,2009,Athletes
420,Tom Cruise,33,2009,Actors
421,Bon Jovi,50,2009,Musicians
422,Donald Trump,50,2009,Personalities
423,Rush Limbaugh,54,2009,Personalities
424,George Lucas,170,2009,Directors/Producers
425,Simon Cowell,75,2009,Personalities
426,Stephenie Meyer,50,2009,Authors
427,Roger Federer,33,2009,Athletes
428,David Beckham,42,2009,Athletes
429,Miley Cyrus,25,2009,Musicians
430,Tyler Perry,75,2009,Directors/Producers
431,Kenny Chesney,65,2009,Musicians
432,Jay-Z,35,2009,Musicians
433,Clint Eastwood,35,2009,Directors/Producers
434,Howard Stern,70,2009,Personalities
435,Sean (Diddy) Combs,30,2009,Musicians
436,Phil Mickelson,40,2009,Athletes
437,Jerry Seinfeld,85,2009,Comedians
438,Dave Matthews Band,65,2009,Musicians
439,Tom Hanks,35,2009,Actors
440,Ellen DeGeneres,35,2009,Personalities
441,Eddie Murphy,40,2009,Comedians
442,Rascal Flatts,60,2009,Musicians
443,Jay Leno,32,2009,Comedians
444,Ryan Seacrest,38,2009,Personalities
445,Nicolas Cage,40,2009,Actors
446,Kanye West,25,2009,Musicians
447,AC/DC,60,2009,Musicians
448,George Clooney,25,2009,Actors
449,Barack Obama,2,2009,Personalities
450,50 Cent,20,2009,Musicians
451,Brian Grazer/Ron Howard,45,2009,Directors/Producers
452,Kimi Raikkonen,45,2009,Athletes
453,Jerry Bruckheimer,100,2009,Directors/Producers
454,Chris Rock,42,2009,Comedians
455,Ronaldinho,30,2009,Athletes
456,Jim Carrey,30,2009,Comedians
457,Manny Pacquiao,40,2009,Athletes
458,Sarah Jessica Parker,27,2009,Television actresses
459,Toby Keith,52,2009,Musicians
460,Jonas Brothers,25,2009,Musicians
461,James Patterson,60,2009,Authors
462,Kevin Garnett,30,2009,Athletes
463,Jeff Gordon,30,2009,Athletes
464,Meryl Streep,24,2009,Actresses
465,Larry David,55,2009,Comedians
466,Derek Jeter,30,2009,Athletes
467,Serena Williams,17,2009,Athletes
468,Stephen King,30,2009,Authors
469,Taylor Swift,18,2009,Musicians
470,Daniel Radcliffe,25,2009,Actors
471,Reese Witherspoon,15,2009,Actresses
472,Gisele Bündchen,25,2009,Models
473,Cameron Diaz,20,2009,Actresses
474,Nicole Kidman,9,2009,Actresses
475,Carrie Underwood,14,2009,Musicians
476,Maria Sharapova,22,2009,Athletes
477,Venus Williams,15,2009,Athletes
478,Heidi Klum,16,2009,Models
479,Rachael Ray,15,2009,Personalities
480,David Copperfield,30,2009,Magicians
481,Glenn Beck,23,2009,Personalities
482,Katherine Heigl,18,2009,Models
483,Jon Stewart,14,2009,Personalities
484,Jeff Dunham,30,2009,Comedians
485,Anne Hathaway,7,2009,Actresses
486,Tina Fey,7,2009,Television actresses
487,Drew Barrymore,12,2009,Actresses
488,Charlie Sheen,21,2009,Television actors
489,Eva Longoria,9,2009,Television actresses
490,Ana Ivanovic,10,2009,Athletes
491,Alec Baldwin,8,2009,Actors
492,Sandra Bullock,17,2009,Actresses
493,Steve Carell,20,2009,Comedians
494,Hugh Laurie,10,2009,Television actors
495,Wolfgang Puck,18,2009,Personalities
496,Penn & Teller,20,2009,Magicians
497,Kate Moss,8,2009,Models
498,Mariska Hargitay,8,2009,Television actresses
499,Jennifer Love Hewitt,6,2009,Television actresses
500,Danica Patrick,7,2009,Athletes
501,Oprah Winfrey,315,2010,Personalities
502,Beyonce Knowles,87,2010,Musicians
503,James Cameron,210,2010,Directors/Producers
504,Lady Gaga,62,2010,Musicians
505,Tiger Woods,105,2010,Athletes
506,Britney Spears,64,2010,Musicians
507,U2,130,2010,Musicians
508,Sandra Bullock,56,2010,Actresses
509,Johnny Depp,75,2010,Actors
510,Madonna,58,2010,Musicians
511,Simon Cowell,80,2010,Personalities
512,Taylor Swift,45,2010,Musicians
513,Miley Cyrus,48,2010,Musicians
514,Kobe Bryant,48,2010,Athletes
515,Jay-Z,63,2010,Musicians
516,Black Eyed Peas,48,2010,Musicians
517,Bruce Springsteen,70,2010,Musicians
518,Angelina Jolie,20,2010,Actresses
519,Rush Limbaugh,58.5,2010,Personalities
520,Michael Jordan,55,2010,Athletes
521,Dr. Phil McGraw,80,2010,Personalities
522,Steven Spielberg,100,2010,Directors/Producers
523,Ellen DeGeneres,55,2010,Personalities
524,David Letterman,45,2010,Personalities
525,Tyler Perry,125,2010,Directors/Producers
526,Jennifer Aniston,27,2010,Actresses
527,Pink,44,2010,Musicians
528,LeBron James,43,2010,Athletes
529,Roger Federer,43,2010,Athletes
530,Brad Pitt,20,2010,Actors
531,Floyd Mayweather,65,2010,Athletes
532,Michael Bay,120,2010,Directors/Producers
533,Donald Trump,50,2010,Personalities
534,Jay Leno,35,2010,Comedians
535,Coldplay,48,2010,Musicians
536,David Beckham,44,2010,Athletes
537,Jerry Seinfeld,75,2010,Comedians
538,AC/DC,114,2010,Musicians
539,Howard Stern,70,2010,Personalities
540,Jonas Brothers,35.5,2010,Musicians
541,Tom Hanks,45,2010,Actors
542,George Lucas,95,2010,Directors/Producers
543,Glenn Beck,35,2010,Personalities
544,Ryan Seacrest,51,2010,Personalities
545,Phil Mickelson,46,2010,Athletes
546,Ben Stiller,53,2010,Actors
547,Jerry Bruckheimer,100,2010,Directors/Producers
548,Cristiano Ronaldo,36,2010,Athletes
549,Alex Rodriguez,36,2010,Athletes
550,Robert Pattinson,17,2010,Actors
551,Conan O'Brien,38,2010,Personalities
552,Shaquille O'Neal,31,2010,Athletes
553,James Patterson,70,2010,Authors
554,Kenny Chesney,50,2010,Musicians
555,Manny Pacquiao,42,2010,Athletes
556,Tom Cruise,22,2010,Actors
557,Adam Sandler,40,2010,Actors
558,George Clooney,19,2010,Actors
559,Stephenie Meyer,40,2010,Authors
560,Cameron Diaz,32,2010,Actresses
561,Serena Williams,20,2010,Athletes
562,Rascal Flatts,45,2010,Musicians
563,Charlie Sheen,30,2010,Television actors
564,Derek Jeter,30,2010,Athletes
565,Lance Armstrong,20,2010,Athletes
566,Kristen Stewart,12,2010,Actresses
567,Toby Keith,48,2010,Musicians
568,Sean (Diddy) Combs,30,2010,Musicians
569,Stephen King,34,2010,Authors
570,Sarah Jessica Parker,25,2010,Television actresses
571,Leonardo DiCaprio,28,2010,Actors
572,Judge Judy Sheindlin,45,2010,Personalities
573,Robert Downey Jr.,22,2010,Actors
574,Lil Wayne,20,2010,Musicians
575,Reese Witherspoon,32,2010,Actresses
576,Keith Urban,27.5,2010,Musicians
577,Julia Roberts,20,2010,Actresses
578,Steve Carell,34,2010,Comedians
579,Meryl Streep,13,2010,Actresses
580,Akon,21,2010,Musicians
581,Maria Sharapova,25,2010,Athletes
582,Daniel Radcliffe,25,2010,Actors
583,Venus Williams,15.5,2010,Athletes
584,Ray Romano,35,2010,Comedians
585,Gisele Bündchen,25,2010,Models
586,Heidi Klum,16,2010,Models
587,Drew Barrymore,15,2010,Actresses
588,Alec Baldwin,8.5,2010,Actors
589,Kiefer Sutherland,20,2010,Television actors
590,Tina Fey,7.5,2010,Television actresses
591,Kate Moss,9,2010,Models
592,Eva Longoria,12,2010,Television actresses
593,Jeff Dunham,22.5,2010,Comedians
594,George Lopez,18,2010,Comedians
595,Katherine Heigl,15.5,2010,Models
596,Danica Patrick,12,2010,Athletes
597,Kate Hudson,11,2010,Actresses
598,Chelsea Handler,19,2010,Comedians
599,Jennifer Love Hewitt,6.5,2010,Television actresses
600,Mariska Hargitay,9.5,2010,Television actresses
601,Lady Gaga,90,2011,Musicians
602,Oprah Winfrey,290,2011,Personalities
603,Justin Bieber,53,2011,Musicians
604,U2,195,2011,Musicians
605,Elton John,100,2011,Musicians
606,Tiger Woods,75,2011,Athletes
607,Taylor Swift,45,2011,Musicians
608,Bon Jovi,125,2011,Musicians
609,Simon Cowell,90,2011,Personalities
610,LeBron James,48,2011,Athletes
611,Angelina Jolie,30,2011,Actresses
612,Katy Perry,44,2011,Musicians
613,Johnny Depp,50,2011,Actors
614,Kobe Bryant,53,2011,Athletes
615,Leonardo DiCaprio,77,2011,Actors
616,Black Eyed Peas,61,2011,Musicians
617,Donald Trump,60,2011,Personalities
618,Dr. Phil McGraw,80,2011,Personalities
619,Tyler Perry,130,2011,Directors/Producers
620,Paul McCartney,67,2011,Musicians
621,Jennifer Aniston,28,2011,Actresses
622,Steven Spielberg,107,2011,Directors/Producers
623,Rush Limbaugh,64,2011,Personalities
624,Ryan Seacrest,61,2011,Personalities
625,Roger Federer,47,2011,Athletes
626,Howard Stern,76,2011,Personalities
627,James Cameron,70,2011,Directors/Producers
628,Charlie Sheen,40,2011,Television actors
629,Beyonce Knowles,35,2011,Musicians
630,Glenn Beck,40,2011,Personalities
631,Ellen DeGeneres,45,2011,Personalities
632,Usher,46,2011,Musicians
633,David Letterman,45,2011,Personalities
634,Muse,35,2011,Musicians
635,David Beckham,40,2011,Athletes
636,Phil Mickelson,47,2011,Athletes
637,James Patterson,84,2011,Authors
638,Jay-Z,37,2011,Musicians
639,Jerry Bruckheimer,113,2011,Directors/Producers
640,Jerry Seinfeld,70,2011,Comedians
641,Adam Sandler,40,2011,Actors
642,Bethenny Frankel,55,2011,Personalities
643,Cristiano Ronaldo,38,2011,Athletes
644,Sandra Bullock,15,2011,Actresses
645,Brad Pitt,20,2011,Actors
646,Rafael Nadal,31,2011,Athletes
647,Christopher Nolan,53,2011,Directors/Producers
648,Brad Paisley,40,2011,Musicians
649,Alex Rodriguez,35,2011,Athletes
650,Jennifer Lopez,25,2011,Musicians
651,Toby Keith,50,2011,Musicians
652,Sean (Diddy) Combs,35,2011,Musicians
653,Robert Pattinson,20,2011,Actors
654,Dick Wolf,70,2011,Directors/Producers
655,Tom Brady,31,2011,Athletes
656,Jay Leno,32,2011,Comedians
657,Dwyane Wade,26,2011,Athletes
658,Tom Hanks,35,2011,Actors
659,Dwight Howard,28,2011,Athletes
660,Gisele Bündchen,45,2011,Models
661,Tim McGraw,35,2011,Musicians
662,Lionel Messi,32,2011,Athletes
663,Kristen Stewart,20,2011,Actresses
664,Reese Witherspoon,28,2011,Actresses
665,Will Smith,36,2011,Actors
666,Robert Downey Jr.,31,2011,Actors
667,Mark Burnett,45,2011,Directors/Producers
668,Ben Stiller,34,2011,Actors
669,Derek Jeter,29,2011,Athletes
670,Julia Roberts,20,2011,Actresses
671,Eminem,14,2011,Musicians
672,Peyton Manning,26,2011,Athletes
673,Sarah Jessica Parker,30,2011,Television actresses
674,Mark Wahlberg,28,2011,Actors
675,Natalie Portman,8,2011,Actresses
676,Kanye West,16,2011,Musicians
677,Chuck Lorre,35,2011,Directors/Producers
678,Danielle Steel,35,2011,Authors
679,Stephen King,28,2011,Authors
680,Maria Sharapova,24,2011,Athletes
681,Cameron Diaz,18,2011,Actresses
682,Eva Longoria,13,2011,Television actresses
683,Heidi Klum,20,2011,Models
684,Serena Williams,12,2011,Athletes
685,Lil Wayne,15,2011,Musicians
686,Venus Williams,13,2011,Athletes
687,Steve Carell,15,2011,Comedians
688,Jeff Dunham,20,2011,Comedians
689,Katherine Heigl,19,2011,Models
690,Stephenie Meyer,21,2011,Authors
691,Larry the Cable Guy,20,2011,Comedians
692,Tina Fey,13,2011,Television actresses
693,Courteney Cox,7,2011,Television actresses
694,Kate Moss,13,2011,Models
695,Ray Romano,20,2011,Comedians
696,Danica Patrick,12,2011,Athletes
697,Hugh Laurie,9,2011,Television actors
698,Mark Harmon,13,2011,Television actors
699,Teri Hatcher,9,2011,Television actresses
700,Mariska Hargitay,10,2011,Television actresses
701,Jennifer Lopez,52,2012,Musicians
702,Oprah Winfrey,165,2012,Personalities
703,Justin Bieber,55,2012,Musicians
704,Rihanna,53,2012,Musicians
705,Lady Gaga,52,2012,Musicians
706,Britney Spears,58,2012,Musicians
707,Kim Kardashian,18,2012,Personalities
708,Katy Perry,45,2012,Musicians
709,Tom Cruise,75,2012,Actors
710,Steven Spielberg,130,2012,Directors/Producers
711,Taylor Swift,57,2012,Musicians
712,Tiger Woods,58,2012,Athletes
713,Angelina Jolie,20,2012,Actresses
714,Donald Trump,63,2012,Personalities
715,LeBron James,53,2012,Athletes
716,Beyonce Knowles,40,2012,Musicians
717,Elton John,80,2012,Musicians
718,Simon Cowell,90,2012,Personalities
719,Rush Limbaugh,69,2012,Personalities
720,Tyler Perry,105,2012,Directors/Producers
721,Paul McCartney,57,2012,Musicians
722,Jennifer Aniston,11,2012,Actresses
723,Glenn Beck,80,2012,Personalities
724,Adele,35,2012,Musicians
725,Bon Jovi,60,2012,Musicians
726,Dr. Dre,110,2012,Musicians
727,Kobe Bryant,50,2012,Athletes
728,Brad Pitt,25,2012,Actors
729,Ryan Seacrest,59,2012,Personalities
730,Howard Stern,95,2012,Personalities
731,Roger Federer,52,2012,Athletes
732,David Beckham,46,2012,Athletes
733,Manny Pacquiao,67,2012,Athletes
734,Ellen DeGeneres,53,2012,Personalities
735,Michael Bay,160,2012,Directors/Producers
736,George Lucas,90,2012,Directors/Producers
737,James Patterson,94,2012,Authors
738,Jay-Z,38,2012,Musicians
739,Jerry Bruckheimer,115,2012,Directors/Producers
740,Peyton Manning,42,2012,Athletes
741,David Letterman,45,2012,Personalities
742,Sean (Diddy) Combs,45,2012,Musicians
743,Kristen Stewart,34,2012,Actresses
744,Cristiano Ronaldo,42,2012,Athletes
745,Kanye West,35,2012,Musicians
746,Leonardo DiCaprio,37,2012,Actors
747,Rafael Nadal,33,2012,Athletes
748,Phil Mickelson,48,2012,Athletes
749,Toby Keith,55,2012,Musicians
750,Lionel Messi,39,2012,Athletes
751,Ashton Kutcher,24,2012,Actors
752,Floyd Mayweather,40,2012,Athletes
753,Kenny Chesney,44,2012,Musicians
754,Dick Wolf,70,2012,Directors/Producers
755,Sandra Bullock,25,2012,Actresses
756,Johnny Depp,30,2012,Actors
757,Adam Sandler,37,2012,Actors
758,Will Smith,30,2012,Actors
759,Cameron Diaz,34,2012,Actresses
760,Tom Brady,27,2012,Athletes
761,Gisele Bündchen,45,2012,Models
762,Mark Burnett,55,2012,Directors/Producers
763,Alex Rodriguez,34,2012,Athletes
764,Jerry Seinfeld,40,2012,Comedians
765,Tom Hanks,26,2012,Actors
766,Stephen King,39,2012,Authors
767,Taylor Lautner,26,2012,Actors
768,Brad Paisley,32,2012,Musicians
769,Lil Wayne,27,2012,Musicians
770,Dwayne Johnson,36,2012,Actors
771,Maria Sharapova,26,2012,Athletes
772,Ben Stiller,33,2012,Actors
773,Khloe Kardashian Odom,11,2012,Personalities
774,Seth MacFarlane,36,2012,Directors/Producers
775,Charlize Theron,18,2012,Actresses
776,Sofia Vergara,19,2012,Television actresses
777,Serena Williams,13,2012,Athletes
778,Alec Baldwin,15,2012,Actors
779,Janet Evanovich,33,2012,Authors
780,Julia Roberts,16,2012,Actresses
781,Eva Longoria,15,2012,Television actresses
782,John Grisham,26,2012,Authors
783,Meryl Streep,12,2012,Actresses
784,Tiesto,23,2012,Musicians
785,J.K. Rowling,17,2012,Authors
786,Sarah Jessica Parker,15,2012,Television actresses
787,Li Na,18,2012,Athletes
788,Hugh Laurie,18,2012,Television actors
789,Reese Witherspoon,9,2012,Actresses
790,Jeff Dunham,22,2012,Comedians
791,Larry the Cable Guy,18,2012,Comedians
792,Skrillex,15,2012,Musicians
793,Tina Fey,11,2012,Television actresses
794,Kate Moss,9,2012,Models
795,Ray Romano,18,2012,Comedians
796,Zooey Deschanel,9,2012,Actresses
797,Bethenny Frankel,12,2012,Personalities
798,Tim Allen,14,2012,Television actors
799,Melissa McCarthy,6,2012,Actresses
800,Adriana Lima,7,2012,Models
801,Oprah Winfrey,77,2013,Personalities
802,Lady Gaga,80,2013,Musicians
803,Steven Spielberg,100,2013,Directors/Producers
804,Beyonce Knowles,53,2013,Musicians
805,Madonna,125,2013,Musicians
806,Taylor Swift,55,2013,Musicians
807,Bon Jovi,79,2013,Musicians
808,Roger Federer,71,2013,Athletes
809,Justin Bieber,58,2013,Musicians
810,Ellen DeGeneres,56,2013,Personalities
811,Hugh Jackman,55,2013,Actors
812,Jennifer Lopez,45,2013,Musicians
813,Rihanna,43,2013,Musicians
814,Coldplay,64,2013,Musicians
815,Tiger Woods,78,2013,Athletes
816,LeBron James,60,2013,Athletes
817,Simon Cowell,95,2013,Personalities
818,Katy Perry,39,2013,Musicians
819,David Beckham,47,2013,Athletes
820,Robert Downey Jr.,75,2013,Actors
821,Leonardo DiCaprio,39,2013,Actors
822,Tyler Perry,78,2013,Directors/Producers
823,Channing Tatum,60,2013,Actors
824,Kobe Bryant,62,2013,Athletes
825,Dwayne Johnson,46,2013,Actors
826,Ryan Seacrest,61,2013,Personalities
827,Tom Cruise,35,2013,Actors
828,Mark Wahlberg,52,2013,Actors
829,Seth MacFarlane,55,2013,Directors/Producers
830,Donald Trump,63,2013,Personalities
831,Cristiano Ronaldo,44,2013,Athletes
832,Jay-Z,42,2013,Musicians
833,Dr. Phil McGraw,72,2013,Personalities
834,Glenn Beck,90,2013,Personalities
835,Will Smith,23,2013,Actors
836,Ben Affleck,25,2013,Actors
837,Rush Limbaugh,66,2013,Personalities
838,David Letterman,42,2013,Personalities
839,Lionel Messi,41,2013,Athletes
840,Adam Sandler,37,2013,Actors
841,Angelina Jolie,33,2013,Actresses
842,E.L. James,95,2013,Authors
843,Toby Keith,65,2013,Musicians
844,James Patterson,91,2013,Authors
845,Howard Stern,95,2013,Personalities
846,Carrie Underwood,31,2013,Musicians
847,Kenny Chesney,53,2013,Musicians
848,Usain Bolt,24,2013,Athletes
849,Jennifer Lawrence,26,2013,Actresses
850,Drew Brees,51,2013,Athletes
851,Rafael Nadal,26,2013,Athletes
852,Phil Mickelson,49,2013,Athletes
853,Ashton Kutcher,24,2013,Actors
854,Sofia Vergara,30,2013,Television actresses
855,Peter Jackson,50,2013,Directors/Producers
856,Serena Williams,20,2013,Athletes
857,Jon Stewart,16,2013,Personalities
858,Jerry Bruckheimer,80,2013,Directors/Producers
859,Kanye West,20,2013,Musicians
860,Jerry Seinfeld,32,2013,Comedians
861,Michael Bay,82,2013,Directors/Producers
862,Maria Sharapova,29,2013,Athletes
863,Dr. Dre,40,2013,Musicians
864,Jennifer Aniston,20,2013,Actresses
865,Tom Brady,38,2013,Athletes
866,Kim Kardashian,10,2013,Personalities
867,Charlie Sheen,10,2013,Television actors
868,Calvin Harris,46,2013,Musicians
869,Rachael Ray,30,2013,Personalities
870,Kristen Stewart,22,2013,Actresses
871,Gwyneth Paltrow,10,2013,Actresses
872,Sean Hannity,30,2013,Personalities
873,Meryl Streep,7,2013,Actresses
874,David Guetta,30,2013,Musicians
875,Stephen King,20,2013,Authors
876,Christopher Nolan,40,2013,Directors/Producers
877,Gordon Ramsay,38,2013,Personalities
878,Manny Pacquiao,34,2013,Athletes
879,Tina Fey,10,2013,Television actresses
880,Mark Burnett,63,2013,Directors/Producers
881,Gisele Bündchen,42,2013,Models
882,J.K. Rowling,13,2013,Authors
883,Alec Baldwin,8,2013,Actors
884,Emma Stone,16,2013,Actresses
885,Charlize Theron,15,2013,Actresses
886,Neil Patrick Harris,15,2013,Television actors
887,Suzanne Collins,55,2013,Authors
888,Floyd Mayweather,34,2013,Athletes
889,Mila Kunis,11,2013,Actresses
890,Sandra Bullock,14,2013,Actresses
891,Danica Patrick,15,2013,Athletes
892,Amy Poehler,7,2013,Actresses
893,George Lopez,12,2013,Comedians
894,Ray Romano,16,2013,Comedians
895,Kevin Hart,14,2013,Comedians
896,Zooey Deschanel,6,2013,Actresses
897,Louis C.K.,16,2013,Comedians
898,Melissa McCarthy,10,2013,Actresses
899,Joss Whedon,25,2013,Directors/Producers
900,Miranda Kerr,7,2013,Models
901,Beyonce Knowles,115,2014,Musicians
902,LeBron James,72,2014,Athletes
903,Dr. Dre,620,2014,Musicians
904,Oprah Winfrey,82,2014,Personalities
905,Ellen DeGeneres,70,2014,Personalities
906,Jay-Z,60,2014,Musicians
907,Floyd Mayweather,105,2014,Athletes
908,Rihanna,48,2014,Musicians
909,Katy Perry,40,2014,Musicians
910,Robert Downey Jr.,75,2014,Actors
911,Steven Spielberg,100,2014,Directors/Producers
912,Jennifer Lawrence,34,2014,Actresses
913,Bon Jovi,82,2014,Musicians
914,Bruno Mars,60,2014,Musicians
915,Kobe Bryant,62,2014,Athletes
916,Roger Federer,55,2014,Athletes
917,Miley Cyrus,36,2014,Musicians
918,Tylor Swift,64,2014,Musicians
919,Lady Gaga,33,2014,Musicians
920,Kanye West,30,2014,Musicians
921,Calvin Harris,66,2014,Musicians
922,Tiger Woods,61,2014,Athletes
923,Dwayne Johnson,52,2014,Actors
924,Rafael Nadal,45,2014,Athletes
925,Bruce Springsteen,81,2014,Musicians
926,The Eagles,100,2014,Musicians
927,Justin Timberlake,57,2014,Musicians
928,One Direction,75,2014,Musicians
929,Paul McCartney,71,2014,Musicians
930,Cristiano Ronaldo,80,2014,Athletes
931,Sean (Diddy) Combs,60,2014,Musicians
932,Ryan Seacrest,65,2014,Personalities
933,Justin Bieber,80,2014,Musicians
934,Kevin Durant,32,2014,Athletes
935,Jennifer Lopez,37,2014,Musicians
936,Sandra Bullock,51,2014,Actresses
937,James Patterson,90,2014,Authors
938,Pharrell Williams,22,2014,Musicians
939,Glenn Beck,90,2014,Personalities
940,Peyton Manning,27,2014,Athletes
941,Mark Burnett,86,2014,Directors/Producers
942,Simon Cowell,95,2014,Personalities
943,Novak Djokovic,33,2014,Athletes
944,Phil Mickelson,54,2014,Athletes
945,Jimmy Fallon,12,2014,Personalities
946,Lionel Messi,65,2014,Athletes
947,Avicii,28,2014,Musicians
948,Bradley Cooper,46,2014,Actors
949,Peter Jackson,50,2014,Directors/Producers
950,Michael Bay,66,2014,Directors/Producers
951,Toby Keith,65,2014,Musicians
952,Leonardo DiCaprio,39,2014,Actors
953,Matthew McConaughey,21,2014,Actors
954,Sofia Vergara,37,2014,Television actresses
955,Dwyane Wade,30,2014,Athletes
956,Gisele Bündchen,47,2014,Models
957,Tyler Perry,70,2014,Directors/Producers
958,Gordon Ramsay,47,2014,Personalities
959,Rush Limbaugh,66,2014,Personalities
960,Jon Stewart,16,2014,Personalities
961,Mark Wahlberg,32,2014,Actors
962,Howard Stern,95,2014,Personalities
963,Hugh Jackman,18,2014,Actors
964,Ashton Kutcher,26,2014,Actors
965,Maria Sharapova,24,2014,Athletes
966,Vin Diesel,25,2014,Actors
967,Ben Affleck,35,2014,Actors
968,Joss Whedon,32,2014,Directors/Producers
969,Serena Williams,22,2014,Athletes
970,Kenny Chesney,44,2014,Musicians
971,J.J. Abrams,28,2014,Directors/Producers
972,Neil Patrick Harris,18,2014,Television actors
973,Angelina Jolie,18,2014,Actresses
974,Kevin Spacey,16,2014,Television actors
975,Will Smith,32,2014,Actors
976,Scarlett Johansson,17,2014,Actresses
977,Jennifer Aniston,31,2014,Actresses
978,Dan Brown,28,2014,Authors
979,John Green,9,2014,Authors
980,Kim Kardashian,28,2014,Personalities
981,Amy Adams,13,2014,Actresses
982,Stephen King,17,2014,Authors
983,Dr. Phil McGraw,77,2014,Personalities
984,J.K. Rowling,14,2014,Authors
985,Li Na,24,2014,Athletes
986,Sean Hannity,30,2014,Personalities
987,Seth MacFarlane,35,2014,Directors/Producers
988,Bryan Cranston,7,2014,Television actors
989,Jon Hamm,10,2014,Television actors
990,Gwyneth Paltrow,19,2014,Actresses
991,Kate Moss,7,2014,Models
992,Meryl Streep,10,2014,Actresses
993,Kerry Washington,6,2014,Actresses
994,Kate Upton,7,2014,Models
995,Veronica Roth,17,2014,Authors
996,Zooey Deschanel,6,2014,Actresses
997,Cameron Diaz,18,2014,Actresses
998,Floyd Mayweather,300,2015,Athletes
999,Manny Pacquiao,160,2015,Athletes
1000,Katy Perry,135,2015,Musicians
1001,One Direction,130,2015,Musicians
1002,Howard Stern,95,2015,Personalities
1003,Garth Brooks,90,2015,Musicians
1004,James Patterson,89,2015,Authors
1005,Robert Downey Jr.,80,2015,Actors
1006,Taylor Swift,80,2015,Musicians
1007,Cristiano Ronaldo,79.5,2015,Athletes
1008,Rush Limbaugh,79,2015,Personalities
1009,Ellen DeGeneres,75,2015,Personalities
1010,Lionel Messi,74,2015,Athletes
1011,The Eagles,73.5,2015,Musicians
1012,Dr. Phil McGraw,70,2015,Personalities
1013,Roger Federer,67,2015,Athletes
1014,Calvin Harris,66,2015,Musicians
1015,LeBron James,65,2015,Athletes
1016,Justin Timberlake,63.5,2015,Musicians
1017,David Copperfield,63,2015,Magicians
1018,Sean (Diddy) Combs,60,2015,Musicians
1019,Gordon Ramsay,60,2015,Personalities
1020,Ryan Seacrest,60,2015,Personalities
1021,Fleetwood Mac,59.5,2015,Musicians
1022,Lady Gaga,59,2015,Musicians
1023,Rolling Stones,57.5,2015,Musicians
1024,Ed Sheeran,57,2015,Musicians
1025,Jay-Z,56,2015,Musicians
1026,Beyonce Knowles,54.5,2015,Musicians
1027,Kevin Durant,54,2015,Athletes
1028,Elton John,53.5,2015,Musicians
1029,Toby Keith,53,2015,Musicians
1030,Kim Kardashian,52.5,2015,Personalities
1031,Jennifer Lawrence,52,2015,Actresses
1032,Paul McCartney,51.5,2015,Musicians
1033,Phil Mickelson,51,2015,Athletes
1034,Tiger Woods,50.5,2015,Athletes
1035,Jackie Chan,50,2015,Actors
1036,Kobe Bryant,49.5,2015,Athletes
1037,Ben Roethlisberger,49,2015,Athletes
1038,Rory McIlroy,48.5,2015,Athletes
1039,Novak Djokovic,48,2015,Athletes
1040,Vin Diesel,47,2015,Actors
1041,Judy Sheindlin,47,2015,Personalities
1042,Michael Bublé,45.5,2015,Musicians
1043,Gisele Bündchen,44,2015,Models
1044,Jason Aldean,43.5,2015,Musicians
1045,Luke Bryan,42.5,2015,Musicians
1046,Kenny Chesney,42,2015,Musicians
1047,Bradley Cooper,41.5,2015,Actors
1048,Adam Sandler,41,2015,Actors
1049,Tom Cruise,40,2015,Actors
1050,Bruno Mars,40,2015,Musicians
1051,Drake,39.5,2015,Hip-hop impresario
1052,Lewis Hamilton,39,2015,Athletes
1053,Zlatan Ibrahimovic,39,2015,Athletes
1054,Ndamukong Suh,38.5,2015,Athletes
1055,Foo Fighters,38,2015,Musicians
1056,Tim McGraw,38,2015,Musicians
1057,David Guetta,37,2015,Musicians
1058,Adam Sandler,41,2015,Actors
1059,Tom Cruise,40,2015,Actors
1060,Bruno Mars,40,2015,Musicians
1061,Drake,39.5,2015,Hip-hop impresario
1062,Lewis Hamilton,39,2015,Athletes
1063,Zlatan Ibrahimovic,39,2015,Athletes
1064,Ndamukong Suh,38.5,2015,Athletes
1065,Foo Fighters,38,2015,Musicians
1066,Tim McGraw,38,2015,Musicians
1067,David Guetta,37,2015,Musicians
1068,Florida Georgia Line,36.5,2015,Musicians
1069,Jimmy Buffett,36,2015,Musicians
1070,Jerry Seinfeld,36,2015,Comedians
1071,Tiesto,36,2015,Musicians
1072,Fernando Alonso,35.5,2015,Athletes
1073,Scarlett Johansson,35.5,2015,Actresses
1074,Gareth Bale,35,2015,Athletes
1075,David Letterman,35,2015,Personalities
1076,Jon Lester,34,2015,Athletes
1077,Derrick Rose,34,2015,Athletes
1078,Amitabh Bachchan,33.5,2015,Actors
1079,Salman Khan,33.5,2015,Actors
1080,Maroon 5,33,2015,Musicians
1081,Dr. Dre,33,2015,Musicians
1082,Sebastian Vettel,33,2015,Athletes
1083,Akshay Kumar,32.5,2015,Actors
1084,Rafael Nadal,32.5,2015,Athletes
1085,Zac Brown Band,32,2015,Musicians
1086,Mark Wahlberg,32,2015,Actors
1087,Pharrell Williams,32,2015,Musicians
1088,Dwayne Johnson,31.5,2015,Actors
1089,Mahendra Singh Dhoni,31,2015,Athletes
1090,Eminem,31,2015,Hip-hop impresario
1091,Neymar,31,2015,Athletes
1092,Britney Spears,31,2015,Musicians
1093,Carmelo Anthony,30.5,2015,Athletes
1094,Johnny Depp,30,2015,Actors
1095,Maria Sharapova,29.5,2015,Athletes
1096,Leonardo DiCaprio,29,2015,Actors
1097,Sean Hannity,29,2015,Personalities
1098,Carson Palmer,29,2015,Athletes
1099,Jim Parsons,29,2015,Television actors
1100,James Rodriguez,29,2015,Athletes
1101,Channing Tatum,29,2015,Actors
1102,Kaley Cuoco-Sweeting,28.5,2015,Television actresses
1103,Kevin Hart,28.5,2015,Comedians
1104,Miranda Lambert,28.5,2015,Musicians
1105,Jennifer Lopez,28.5,2015,Musicians
1106,Blake Shelton,28.5,2015,Musicians
1107,Sofia Vergara,28.5,2015,Television actresses
1108,Taylor Swift,170,2016,Musicians
1109,One Direction,110,2016,Musicians
1110,James Patterson,95,2016,Authors
1111,Dr. Phil McGraw,88,2016,Personalities
1112,Cristiano Ronaldo,88,2016,Athletes
1113,Kevin Hart,87.5,2016,Comedians
1114,Howard Stern,85,2016,Personalities
1115,Lionel Messi,81.5,2016,Athletes
1116,Adele,80.5,2016,Musicians
1117,Rush Limbaugh,79,2016,Personalities
1118,LeBron James,77,2016,Athletes
1119,Madonna,76.5,2016,Musicians
1120,Ellen DeGeneres,75,2016,Personalities
1121,Rihanna,75,2016,Musicians
1122,Garth Brooks,70,2016,Musicians
1123,Roger Federer,68,2016,Athletes
1124,AC/DC,67.5,2016,Musicians
1125,Rolling Stones,66.5,2016,Musicians
1126,Dwayne Johnson,64.5,2016,Actors
1127,David Copperfield,64,2016,Magicians
1128,Calvin Harris,63,2016,Musicians
1129,Sean (Diddy) Combs,62,2016,Musicians
1130,Jackie Chan,61,2016,Actors
1131,Bruce Springsteen,60.5,2016,Musicians
1132,Paul McCartney,56.5,2016,Musicians
1133,Justin Bieber,56,2016,Musicians
1134,Kenny Chesney,56,2016,Musicians
1135,Novak Djokovic,56,2016,Athletes
1136,Kevin Durant,56,2016,Athletes
1137,Matt Damon,55,2016,Actors
1138,Ryan Seacrest,55,2016,Personalities
1139,U2,55,2016,Musicians
1140,The Weeknd,55,2016,Musicians
1141,Beyonce Knowles,54,2016,Musicians
1142,Gordon Ramsay,54,2016,Personalities
1143,Jay-Z,53.5,2016,Musicians
1144,Luke Bryan,53,2016,Musicians
1145,Tom Cruise,53,2016,Actors
1146,Phil Mickelson,53,2016,Athletes
1147,Cam Newton,53,2016,Athletes
1148,Jordan Spieth,53,2016,Athletes
1149,Kim Kardashian,51,2016,Personalities
1150,Kobe Bryant,50,2016,Athletes
1151,Muse,49,2016,Musicians
1152,Foo Fighters,48.5,2016,Musicians
1153,Johnny Depp,48,2016,Actors
1154,Toby Keith,47.5,2016,Musicians
1155,Judy Sheindlin,47,2016,Personalities
1156,Lewis Hamilton,46,2016,Athletes
1157,Jennifer Lawrence,46,2016,Actresses
1158,Tiger Woods,45.5,2016,Athletes
1159,Eli Manning,45,2016,Athletes
1160,Joe Flacco,44.5,2016,Athletes
1161,Bigbang,44,2016,Musicians
1162,Tom Brady,44,2016,Athletes
1163,Floyd Mayweather,44,2016,Athletes
1164,Jerry Seinfeld,43.5,2016,Comedians
1165,Ben Affleck,43,2016,Actors
1166,Sofia Vergara,43,2016,Television actresses
1167,Rory McIlroy,42.5,2016,Athletes
1168,Tiger Woods,45.5,2016,Athletes
1169,Eli Manning,45,2016,Athletes
1170,Joe Flacco,44.5,2016,Athletes
1171,Bigbang,44,2016,Musicians
1172,Tom Brady,44,2016,Athletes
1173,Floyd Mayweather,44,2016,Athletes
1174,Jerry Seinfeld,43.5,2016,Comedians
1175,Ben Affleck,43,2016,Actors
1176,Sofia Vergara,43,2016,Television actresses
1177,Rory McIlroy,42.5,2016,Athletes
1178,Elton John,42,2016,Musicians
1179,Russell Wilson,42,2016,Athletes
1180,Dr. Dre,41,2016,Musicians
1181,Katy Perry,41,2016,Musicians
1182,Sebastian Vettel,41,2016,Athletes
1183,Jimmy Buffett,40.5,2016,Musicians
1184,Mumford & Sons,40,2016,Musicians
1185,Jennifer Lopez,39.5,2016,Musicians
1186,Drake,38.5,2016,Musicians
1187,Philip Rivers,38,2016,Athletes
1188,Tiesto,38,2016,Musicians
1189,Zlatan Ibrahimovic,37.5,2016,Athletes
1190,Rafael Nadal,37.5,2016,Athletes
1191,Neymar,37.5,2016,Athletes
1192,Jason Aldean,36.5,2016,Musicians
1193,Fernando Alonso,36.5,2016,Athletes
1194,Gareth Bale,36,2016,Athletes
1195,Marcell Dareus,35,2016,Athletes
1196,Vin Diesel,35,2016,Actors
1197,Peyton Manning,34,2016,Athletes
1198,Derrick Rose,34,2016,Athletes
1199,Maroon 5,33.5,2016,Musicians
1200,A.J. Green,33.5,2016,Athletes
1201,Kei Nishikori,33.5,2016,Athletes
1202,Ed Sheeran,33.5,2016,Musicians
1203,Robert Downey Jr.,33,2016,Actors
1204,James Harden,33,2016,Athletes
1205,Shah Rukh Khan,33,2016,Actors
1206,Dave Matthews Band,33,2016,Musicians
1207,Melissa McCarthy,33,2016,Actresses
1208,Usain Bolt,32.5,2016,Athletes
1209,Clayton Kershaw,32,2016,Athletes
1210,Dwyane Wade,32,2016,Athletes
1211,Akshay Kumar,31.5,2016,Actors
1212,Penn & Teller,31.5,2016,Magicians
1213,Brad Pitt,31.5,2016,Actors
1214,Carmelo Anthony,31,2016,Athletes
1215,Drew Brees,31,2016,Athletes
1216,Gisele Bündchen,30.5,2016,Models
1217,Britney Spears,30.5,2016,Musicians
1218,Sean (Diddy) Combs,130,2017,Musicians
1219,Beyonce Knowles,105,2017,Musicians
1220,J.K. Rowling,95,2017,Authors
1221,Drake,94,2017,Musicians
1222,Cristiano Ronaldo,93,2017,Athletes
1223,The Weeknd,92,2017,Musicians
1224,Howard Stern,90,2017,Personalities
1225,Coldplay,88,2017,Musicians
1226,James Patterson,87,2017,Authors
1227,LeBron James,86,2017,Athletes
1228,Guns N' Roses,84,2017,Musicians
1229,Rush Limbaugh,84,2017,Personalities
1230,Justin Bieber,83.5,2017,Musicians
1231,Lionel Messi,80,2017,Athletes
1232,Dr. Phil McGraw,79,2017,Personalities
1233,Ellen DeGeneres,77,2017,Personalities
1234,Bruce Springsteen,75,2017,Musicians
1235,Adele,69,2017,Musicians
1236,Jerry Seinfeld,69,2017,Comedians
1237,Mark Wahlberg,68,2017,Actors
1238,Metallica,66.5,2017,Musicians
1239,Dwayne Johnson,65,2017,Actors
1240,Roger Federer,64,2017,Athletes
1241,David Copperfield,61.5,2017,Magicians
1242,Kevin Durant,60.6,2017,Athletes
1243,Garth Brooks,60,2017,Musicians
1244,Elton John,60,2017,Musicians
1245,Gordon Ramsay,60,2017,Personalities
1246,Ryan Seacrest,58,2017,Personalities
1247,Chris Rock,57,2017,Comedians
1248,Vin Diesel,54.5,2017,Actors
1249,Paul McCartney,54,2017,Musicians
1250,Red Hot Chili Peppers,54,2017,Musicians
1251,Louis C.K.,52,2017,Comedians
1252,Jimmy Buffett,50.5,2017,Musicians
1253,Adam Sandler,50.5,2017,Actors
1254,Andrew Luck,50,2017,Athletes
1255,Rory McIlroy,50,2017,Athletes
1256,Jackie Chan,49,2017,Actors
1257,Calvin Harris,48.5,2017,Musicians
1258,Robert Downey Jr.,48,2017,Actors
1259,Stephen Curry,47.3,2017,Athletes
1260,Dave Chappelle,47,2017,Comedians
1261,Judy Sheindlin,47,2017,Personalities
1262,James Harden,46.6,2017,Athletes
1263,Lewis Hamilton,46,2017,Athletes
1264,Kim Kardashian,45.5,2017,Personalities
1265,Drew Brees,45.3,2017,Athletes
1266,Taylor Swift,44,2017,Musicians
1267,Simon Cowell,43.5,2017,Personalities
1268,Phil Mickelson,43.5,2017,Athletes
1269,Tom Cruise,43,2017,Actors
1270,Kenny Chesney,42.5,2017,Musicians
1271,Steve Harvey,42.5,2017,Personalities
1272,Luke Bryan,42,2017,Musicians
1273,Celine Dion,42,2017,Musicians
1274,Jay-Z,42,2017,Musicians
1275,Sofia Vergara,41.5,2017,Television actresses
1276,Kylie Jenner,41,2017,Personalities
1277,Bruno Mars,39,2017,Musicians
1278,Phil Mickelson,43.5,2017,Athletes
1279,Tom Cruise,43,2017,Actors
1280,Kenny Chesney,42.5,2017,Musicians
1281,Steve Harvey,42.5,2017,Personalities
1282,Luke Bryan,42,2017,Musicians
1283,Celine Dion,42,2017,Musicians
1284,Jay-Z,42,2017,Musicians
1285,Sofia Vergara,41.5,2017,Television actresses
1286,Kylie Jenner,41,2017,Personalities
1287,Bruno Mars,39,2017,Musicians
1288,Tiesto,39,2017,Musicians
1289,Russell Westbrook,38.6,2017,Athletes
1290,Sebastian Vettel,38.5,2017,Athletes
1291,Damian Lillard,38.4,2017,Athletes
1292,Shah Rukh Khan,38,2017,Actors
1293,Jennifer Lopez,38,2017,Musicians
1294,The Chainsmokers,38,2017,Musicians
1295,Novak Djokovic,37.6,2017,Athletes
1296,Amy Schumer,37.5,2017,Comedians
1297,Tiger Woods,37.1,2017,Athletes
1298,Salman Khan,37,2017,Actors
1299,Neymar,37,2017,Athletes
1300,Bill O'Reilly,37,2017,Personalities
1301,Dolly Parton,37,2017,Musicians
1302,Ed Sheeran,37,2017,Musicians
1303,Dwyane Wade,36.2,2017,Athletes
1304,Fernando Alonso,36,2017,Athletes
1305,Sean Hannity,36,2017,Personalities
1306,Rihanna,36,2017,Musicians
1307,Bon Jovi,35.5,2017,Musicians
1308,Akshay Kumar,35.5,2017,Actors
1309,Billy Joel,35,2017,Musicians
1310,Dr. Dre,34.5,2017,Musicians
1311,Florida Georgia Line,34.5,2017,Musicians
1312,Toby Keith,34.5,2017,Musicians
1313,Jordan Spieth,34.5,2017,Athletes
1314,Derrick Rose,34.3,2017,Athletes
1315,Usain Bolt,34.2,2017,Athletes
1316,Gareth Bale,34,2017,Athletes
1317,Conor McGregor,34,2017,Athletes
1318,Britney Spears,34,2017,Musicians
1319,Kei Nishikori,33.9,2017,Athletes
1320,Fletcher Cox,33.4,2017,Athletes
1321,Clayton Kershaw,33.3,2017,Athletes
1322,Chance The Rapper,33,2017,Musicians
1323,Katy Perry,33,2017,Musicians
1324,Carmelo Anthony,32.6,2017,Athletes
1325,Jason Aldean,32.5,2017,Musicians
1326,Kevin Hart,32.5,2017,Comedians
1327,Zlatan Ibrahimovic,32,2017,Athletes
1328,Floyd Mayweather,285,2018,Athletes
1329,George Clooney,239,2018,Actors
1330,Kylie Jenner,166.5,2018,Personalities
1331,Judy Sheindlin,147,2018,Personalities
1332,Dwayne Johnson,124,2018,Actors
1333,U2,118,2018,Musicians
1334,Coldplay,115.5,2018,Musicians
1335,Lionel Messi,111,2018,Athletes
1336,Ed Sheeran,110,2018,Musicians
1337,Cristiano Ronaldo,108,2018,Athletes
1338,Bruno Mars,100,2018,Musicians
1339,Conor McGregor,99,2018,Athletes
1340,Neymar,90,2018,Athletes
1341,Howard Stern,90,2018,Personalities
1342,Ellen DeGeneres,87.5,2018,Personalities
1343,James Patterson,86,2018,Authors
1344,LeBron James,85.5,2018,Athletes
1345,Rush Limbaugh,84.5,2018,Personalities
1346,Katy Perry,83,2018,Musicians
1347,Robert Downey Jr.,81,2018,Actors
1348,Taylor Swift,80,2018,Musicians
1349,Dr. Phil McGraw,77.5,2018,Personalities
1350,Roger Federer,77.2,2018,Athletes
1351,Stephen Curry,76.9,2018,Athletes
1352,Jay-Z,76.5,2018,Musicians
1353,Ryan Seacrest,74,2018,Personalities
1354,Guns N' Roses,71,2018,Musicians
1355,Roger Waters,68,2018,Musicians
1356,Matt Ryan,67.3,2018,Athletes
1357,Kim Kardashian,67,2018,Personalities
1358,Chris Hemsworth,64.5,2018,Actors
1359,Sean (Diddy) Combs,64,2018,Musicians
1360,David Copperfield,62,2018,Magicians
1361,Gordon Ramsay,62,2018,Personalities
1362,Beyonce Knowles,60,2018,Musicians
1363,Matthew Stafford,59.5,2018,Athletes
1364,Kendrick Lamar,58,2018,Musicians
1365,Jerry Seinfeld,57.5,2018,Comedians
1366,Kevin Hart,57,2018,Comedians
1367,The Weeknd,57,2018,Musicians
1368,The Eagles,56,2018,Musicians
1369,J.K. Rowling,54,2018,Authors
1370,Kevin Durant,53.7,2018,Athletes
1371,Depeche Mode,53,2018,Musicians
1372,Luke Bryan,52,2018,Musicians
1373,Pink,52,2018,Musicians
1374,Jimmy Buffett,51,2018,Musicians
1375,Lewis Hamilton,51,2018,Athletes
1376,Lady Gaga,50,2018,Musicians
1377,Calvin Harris,48,2018,Musicians
1378,Paul McCartney,47.5,2018,Musicians
1379,Russell Westbrook,47.5,2018,Athletes
1380,Drake,47,2018,Musicians
1381,Foo Fighters,47,2018,Musicians
1382,Jennifer Lopez,47,2018,Musicians
1383,James Harden,46.4,2018,Athletes
1384,Elton John,46,2018,Musicians
1385,Metallica,46,2018,Musicians
1386,Garth Brooks,45.5,2018,Musicians
1387,Jackie Chan,45.5,2018,Actors
1388,Paul McCartney,47.5,2018,Musicians
1389,Russell Westbrook,47.5,2018,Athletes
1390,Drake,47,2018,Musicians
1391,Foo Fighters,47,2018,Musicians
1392,Jennifer Lopez,47,2018,Musicians
1393,James Harden,46.4,2018,Athletes
1394,Elton John,46,2018,Musicians
1395,Metallica,46,2018,Musicians
1396,Garth Brooks,45.5,2018,Musicians
1397,Jackie Chan,45.5,2018,Actors
1398,The Chainsmokers,45.5,2018,Musicians
1399,Canelo Alvarez,44.5,2018,Athletes
1400,Steve Harvey,44,2018,Personalities
1401,Simon Cowell,43.5,2018,Personalities
1402,Billy Joel,43.5,2018,Musicians
1403,Tiger Woods,43.3,2018,Athletes
1404,Drew Brees,42.9,2018,Athletes
1405,Sofia Vergara,42.5,2018,Television actresses
1406,Sebastian Vettel,42.3,2018,Athletes
1407,Derek Carr,42.1,2018,Athletes
1408,Will Smith,42,2018,Actors
1409,Rafael Nadal,41.4,2018,Athletes
1410,Alex Smith,41.4,2018,Athletes
1411,Phil Mickelson,41.3,2018,Athletes
1412,Jordan Spieth,41.2,2018,Athletes
1413,Scarlett Johansson,40.5,2018,Actresses
1414,Akshay Kumar,40.5,2018,Actors
1415,Adam Sandler,39.5,2018,Actors
1416,Damian Lillard,39.2,2018,Athletes
1417,Anthony Joshua,39,2018,Athletes
1418,Rolling Stones,39,2018,Musicians
1419,Salman Khan,37.7,2018,Actors
1420,Rory McIlroy,37.7,2018,Athletes
1421,Kris Jenner,37.5,2018,Personalities
1422,Rihanna,37.5,2018,Musicians
1423,Bruce Springsteen,37.5,2018,Musicians
1424,Kenny Chesney,37,2018,Musicians
1425,Trumaine Johnson,37,2018,Athletes
1426,Imagine Dragons,36.5,2018,Musicians
1427,Jimmy Garoppolo,36.2,2018,Athletes
1428,Kyrie Irving,36.1,2018,Athletes
1429,Sean Hannity,36,2018,Personalities
1430,Giannis Antetokounmpo,35.5,2018,Athletes
1431,J. Cole,35.5,2018,Musicians
1432,Blake Griffin,35.5,2018,Athletes
1433,Ryan Tannehill,35.2,2018,Athletes
1434,Von Miller,35.1,2018,Athletes
1435,Dave Chappelle,35,2018,Comedians
1436,Dr. Dre,35,2018,Musicians
1437,Nas,35,2018,Musicians
1438,Taylor Swift,185,2019,Musicians
1439,Kylie Jenner,170,2019,Personalities
1440,Kanye West,150,2019,Musicians
1441,Lionel Messi,127,2019,Athletes
1442,Ed Sheeran,110,2019,Musicians
1443,Cristiano Ronaldo,109,2019,Athletes
1444,Neymar,105,2019,Athletes
1445,The Eagles,100,2019,Musicians
1446,Dr. Phil McGraw,95,2019,Personalities
1447,Canelo Alvarez,94,2019,Athletes
1448,Roger Federer,93.4,2019,Athletes
1449,Howard Stern,93,2019,Personalities
1450,J.K. Rowling,92,2019,Authors
1451,Russell Wilson,89.5,2019,Athletes
1452,Dwayne Johnson,89.4,2019,Actors
1453,Aaron Rodgers,89.3,2019,Athletes
1454,LeBron James,89,2019,Athletes
1455,Rush Limbaugh,87,2019,Personalities
1456,Elton John,84,2019,Musicians
1457,Jay-Z,81,2019,Musicians
1458,Beyonce Knowles,81,2019,Musicians
1459,Ellen DeGeneres,80.5,2019,Personalities
1460,Stephen Curry,79.8,2019,Athletes
1461,Chris Hemsworth,76.4,2019,Actors
1462,Drake,75,2019,Musicians
1463,Kim Kardashian,72,2019,Personalities
1464,Ryan Seacrest,71.5,2019,Personalities
1465,Sean (Diddy) Combs,70,2019,Musicians
1466,James Patterson,70,2019,Authors
1467,Metallica,68.5,2019,Musicians
1468,Robert Downey Jr.,66,2019,Actors
1469,Kevin Durant,65.4,2019,Athletes
1470,Akshay Kumar,65,2019,Actors
1471,Tiger Woods,63.9,2019,Athletes
1472,Gordon Ramsay,63,2019,Personalities
1473,Rihanna,62,2019,Musicians
1474,David Copperfield,60,2019,Magicians
1475,Kevin Hart,59,2019,Comedians
1476,Jackie Chan,58,2019,Actors
1477,Travis Scott,58,2019,Musicians
1478,Katy Perry,57.5,2019,Musicians
1479,Justin Timberlake,57.5,2019,Musicians
1480,BTS,57,2019,Musicians
1481,Bradley Cooper,57,2019,Actors
1482,Pink,57,2019,Musicians
1483,Adam Sandler,57,2019,Actors
1484,Scarlett Johansson,56,2019,Actresses
1485,Ben Roethlisberger,55.5,2019,Athletes
1486,Lewis Hamilton,55,2019,Athletes
1487,Anthony Joshua,55,2019,Athletes
1488,Khalil Mack,55,2019,Athletes
1489,Russell Westbrook,53.7,2019,Athletes
1490,Billy Joel,52,2019,Musicians
1491,Bruno Mars,51.5,2019,Musicians
1492,Novak Djokovic,50.6,2019,Athletes
1493,Mike Trout,50.6,2019,Athletes
1494,Jimmy Buffett,50,2019,Musicians
1495,Eminem,50,2019,Musicians
1496,Fleetwood Mac,49,2019,Musicians
1497,Judy Sheindlin,49,2019,Personalities
1498,Khalil Mack,55,2019,Athletes
1499,Russell Westbrook,53.7,2019,Athletes
1500,Billy Joel,52,2019,Musicians
1501,Bruno Mars,51.5,2019,Musicians
1502,Novak Djokovic,50.6,2019,Athletes
1503,Mike Trout,50.6,2019,Athletes
1504,Jimmy Buffett,50,2019,Musicians
1505,Eminem,50,2019,Musicians
1506,Fleetwood Mac,49,2019,Musicians
1507,Judy Sheindlin,49,2019,Personalities
1508,Phil Mickelson,48.4,2019,Athletes
1509,Ariana Grande,48,2019,Musicians
1510,Paul McCartney,48,2019,Musicians
1511,James Harden,47.7,2019,Athletes
1512,Conor McGregor,47,2019,Athletes
1513,DeMarcus Lawrence,46.9,2019,Athletes
1514,Sean Hannity,46,2019,Personalities
1515,The Chainsmokers,46,2019,Musicians
1516,Steve Harvey,45,2019,Personalities
1517,Bryce Harper,44.5,2019,Athletes
1518,Guns N' Roses,44,2019,Musicians
1519,Chris Paul,43.8,2019,Athletes
1520,Chris Evans,43.5,2019,Actors
1521,Kyrie Irving,43.3,2019,Athletes
1522,Giannis Antetokounmpo,43.2,2019,Athletes
1523,Jennifer Lopez,43,2019,Musicians
1524,Sofia Vergara,43,2019,Television actresses
1525,Luke Bryan,42.5,2019,Musicians
1526,Drew Brees,42.4,2019,Athletes
1527,Simon Cowell,42,2019,Personalities
1528,Aaron Donald,41.4,2019,Athletes
1529,Damian Lillard,41.1,2019,Athletes
1530,Paul Rudd,41,2019,Actors
1531,Jerry Seinfeld,41,2019,Comedians
1532,Rolling Stones,41,2019,Musicians
1533,Sebastian Vettel,40.3,2019,Athletes
1534,DJ Khaled,40,2019,Musicians
1535,Marshmello,40,2019,Musicians
1536,The Weeknd,40,2019,Musicians
1537,Lady Gaga,39.5,2019,Musicians
1538,Blake Griffin,39.1,2019,Athletes
1539,Dave Matthews Band,39,2019,Musicians
1540,Rory McIlroy,39,2019,Athletes
1541,Paul George,38.6,2019,Athletes
1542,Zac Brown Band,38.5,2019,Musicians
1543,Calvin Harris,38.5,2019,Musicians
1544,Kendrick Lamar,38.5,2019,Musicians
1545,Brandin Cooks,38,2019,Athletes
1546,Shawn Mendes,38,2019,Musicians
1547,Celine Dion,37.5,2019,Musicians
1548,Kylie Jenner,590,2020,Personalities
1549,Kanye West,170,2020,Musicians
1550,Roger Federer,106.3,2020,Athletes
1551,Cristiano Ronaldo,105,2020,Athletes
1552,Lionel Messi,104,2020,Athletes
1553,Tyler Perry,97,2020,Directors/Producers
1554,Neymar,95.5,2020,Athletes
1555,Howard Stern,90,2020,Personalities
1556,LeBron James,88.2,2020,Athletes
1557,Dwayne Johnson,87.5,2020,Actors
1558,Rush Limbaugh,85,2020,Personalities
1559,Ellen DeGeneres,84,2020,Personalities
1560,Bill Simmons,82.5,2020,Personalities
1561,Elton John,81,2020,Musicians
1562,James Patterson,80,2020,Authors
1563,Stephen Curry,74.4,2020,Athletes
1564,Ariana Grande,72,2020,Musicians
1565,Ryan Reynolds,71.5,2020,Actors
1566,Gordon Ramsay,70,2020,Personalities
1567,Jonas Brothers,68.5,2020,Musicians
1568,The Chainsmokers,68,2020,Musicians
1569,Dr. Phil McGraw,65.5,2020,Personalities
1570,Ed Sheeran,64,2020,Musicians
1571,Kevin Durant,63.9,2020,Athletes
1572,Taylor Swift,63.5,2020,Musicians
1573,Tiger Woods,62.3,2020,Athletes
1574,Kirk Cousins,60.5,2020,Athletes
1575,Post Malone,60,2020,Musicians
1576,J.K. Rowling,60,2020,Authors
1577,Ryan Seacrest,60,2020,Personalities
1578,Carson Wentz,59.1,2020,Athletes
1579,Rolling Stones,59,2020,Musicians
1580,Mark Wahlberg,58,2020,Actors
1581,Tyson Fury,57,2020,Athletes
1582,Marshmello,56,2020,Musicians
1583,Russell Westbrook,56,2020,Athletes
1584,Ben Affleck,55,2020,Actors
1585,Sean Combs,55,2020,Musicians
1586,Shawn Mendes,54.5,2020,Musicians
1587,Vin Diesel,54,2020,Actors
1588,Lewis Hamilton,54,2020,Athletes
1589,Jay-Z,53.5,2020,Musicians
1590,Billie Eilish,53,2020,Musicians
1591,Rory McIlroy,52,2020,Athletes
1592,Simon Cowell,51,2020,Personalities
1593,Jerry Seinfeld,51,2020,Comedians
1594,BTS,50,2020,Musicians
1595,Kim Kardashian West,49.5,2020,Personalities
1596,Drake,49,2020,Hip-hop impresario
1597,Jared Goff,49,2020,Athletes
1598,Judy Sheindlin,49,2020,Personalities
1599,Akshay Kumar,48.5,2020,Actors
1600,Conor McGregor,48,2020,Athletes
1601,James Harden,47.8,2020,Athletes
1602,Giannis Antetokounmpo,47.6,2020,Athletes
1603,Jennifer Lopez,47.5,2020,Musicians
1604,Anthony Joshua,47,2020,Athletes
1605,Pink,47,2020,Musicians
1606,Deontay Wilder,46.5,2020,Athletes
1607,David Copperfield,46,2020,Magicians
1608,Rihanna,46,2020,Musicians
1609,Luke Bryan,45.5,2020,Musicians
1610,Lin-Manuel Miranda,45.5,2020,Actors
1611,Backstreet Boys,45,2020,Musicians
1612,Tom Brady,45,2020,Athletes
1613,Phil Collins,45,2020,Musicians
1614,Drew Brees,44.8,2020,Athletes
1615,Novak Djokovic,44.6,2020,Athletes
1616,Will Smith,44.5,2020,Actors
1617,Blake Shelton,43.5,2020,Musicians
1618,Sean Hannity,43,2020,Personalities
1619,Sofía Vergara,43,2020,Television Acresses
1620,Celine Dion,42,2020,Musicians
1621,Kyrie Irving,41.9,2020,Athletes
1622,The Eagles,41,2020,Musicians
1623,Adam Sandler,41,2020,Actors
1624,Phil Mickelson,40.8,2020,Athletes
1625,Julio Jones,40.5,2020,Athletes
1626,Metallica,40.5,2020,Musicians
1627,Jackie Chan,40,2020,Actors
1628,Rafael Nadal,40,2020,Athletes
1629,Heidi Klum,39.5,2020,Models
1630,Travis Scott,39.5,2020,Musicians
1631,Kevin Hart,39,2020,Comedians
1632,Klay Thompson,38.8,2020,Athletes
1633,Katy Perry,38.5,2020,Musicians
1634,Lady Gaga,38,2020,Musicians
1635,Bon Jovi,38,2020,Musicians
1636,U2,38,2020,Musicians
1637,Naomi Osaka,37.4,2020,Athletes
1638,Canelo Alvarez,37,2020,Athletes
1639,Damian Lillard,37,2020,Athletes
1640,Paul McCartney,37,2020,Musicians
1641,Oprah Winfrey,37,2020,Personalities
1642,DJ Khaled,36.5,2020,Musicians
1643,Kiss,36.5,2020,Musicians
1644,Sebastian Vettel,36.3,2020,Athletes
1645,Serena Williams,36,2020,Athletes
1646,Angelina Jolie,35.5,2020,Actresses
1647,Mohamed Salah,35.1,2020,Athletes
